-- Auto-generated by scripts/generate-seed.mjs — do NOT edit by hand.
-- Mock data from lib/admin/mockData.js, shaped to schema.sql.
-- Apply: psql "$SUPABASE_DB_URL" -f supabase/seed.sql

BEGIN;

-- Wipe in reverse-FK order so the seed is idempotent.
TRUNCATE TABLE subscriptions RESTART IDENTITY CASCADE;
TRUNCATE TABLE partner_handoffs RESTART IDENTITY CASCADE;
TRUNCATE TABLE partner_skills RESTART IDENTITY CASCADE;
TRUNCATE TABLE partner_organizations RESTART IDENTITY CASCADE;
TRUNCATE TABLE scope_items RESTART IDENTITY CASCADE;
TRUNCATE TABLE air_sample_notable_objects RESTART IDENTITY CASCADE;
TRUNCATE TABLE air_sample_particulate_counts RESTART IDENTITY CASCADE;
TRUNCATE TABLE air_sample_fungal_counts RESTART IDENTITY CASCADE;
TRUNCATE TABLE air_samples RESTART IDENTITY CASCADE;
TRUNCATE TABLE location_sources RESTART IDENTITY CASCADE;
TRUNCATE TABLE location_findings RESTART IDENTITY CASCADE;
TRUNCATE TABLE moisture_readings RESTART IDENTITY CASCADE;
TRUNCATE TABLE image_captures RESTART IDENTITY CASCADE;
TRUNCATE TABLE sample_locations RESTART IDENTITY CASCADE;
TRUNCATE TABLE inspection_equipment RESTART IDENTITY CASCADE;
TRUNCATE TABLE inspections RESTART IDENTITY CASCADE;
TRUNCATE TABLE properties RESTART IDENTITY CASCADE;
TRUNCATE TABLE customers RESTART IDENTITY CASCADE;
TRUNCATE TABLE technician_equipment RESTART IDENTITY CASCADE;
TRUNCATE TABLE technicians RESTART IDENTITY CASCADE;
TRUNCATE TABLE equipment_types RESTART IDENTITY CASCADE;
TRUNCATE TABLE particulate_types RESTART IDENTITY CASCADE;
TRUNCATE TABLE fungal_classifications RESTART IDENTITY CASCADE;
TRUNCATE TABLE trade_categories RESTART IDENTITY CASCADE;

-- trade_categories (7 rows)
INSERT INTO trade_categories (trade_category_id, slug, name, group_label, display_order, active, created_at) OVERRIDING SYSTEM VALUE VALUES (1, 'mould-cleanup', 'Mould cleanup', 'Remediation', 0, TRUE, '2026-01-01T00:00:00Z');
INSERT INTO trade_categories (trade_category_id, slug, name, group_label, display_order, active, created_at) OVERRIDING SYSTEM VALUE VALUES (2, 'containment', 'Containment', 'Remediation', 1, TRUE, '2026-01-01T00:00:00Z');
INSERT INTO trade_categories (trade_category_id, slug, name, group_label, display_order, active, created_at) OVERRIDING SYSTEM VALUE VALUES (3, 'carpenter', 'Carpenter', 'Likely repairs', 0, TRUE, '2026-01-01T00:00:00Z');
INSERT INTO trade_categories (trade_category_id, slug, name, group_label, display_order, active, created_at) OVERRIDING SYSTEM VALUE VALUES (4, 'ventilation', 'Ventilation specialist', 'Likely repairs', 1, TRUE, '2026-01-01T00:00:00Z');
INSERT INTO trade_categories (trade_category_id, slug, name, group_label, display_order, active, created_at) OVERRIDING SYSTEM VALUE VALUES (5, 'plumber', 'Plumber', 'Likely repairs', 2, TRUE, '2026-01-01T00:00:00Z');
INSERT INTO trade_categories (trade_category_id, slug, name, group_label, display_order, active, created_at) OVERRIDING SYSTEM VALUE VALUES (6, 'roofer', 'Roofer', 'Likely repairs', 3, TRUE, '2026-01-01T00:00:00Z');
INSERT INTO trade_categories (trade_category_id, slug, name, group_label, display_order, active, created_at) OVERRIDING SYSTEM VALUE VALUES (7, 'waterproofing', 'Waterproofing', 'Likely repairs', 4, TRUE, '2026-01-01T00:00:00Z');

-- fungal_classifications (20 rows)
INSERT INTO fungal_classifications (fungal_classification_id, slug, name, classification_group, habitat, health_notes, source_url, updated_at) OVERRIDING SYSTEM VALUE VALUES (1, 'ascospore', 'Ascospore', 'predominantly_outdoor', 'Outdoor, decaying vegetation.', 'Low health relevance indoors; outdoor baseline only.', NULL, '2026-01-15T00:00:00Z');
INSERT INTO fungal_classifications (fungal_classification_id, slug, name, classification_group, habitat, health_notes, source_url, updated_at) OVERRIDING SYSTEM VALUE VALUES (2, 'basidiospore', 'Basidiospore', 'predominantly_outdoor', 'Outdoor, wood-rotting fungi.', 'Outdoor baseline.', NULL, '2026-01-15T00:00:00Z');
INSERT INTO fungal_classifications (fungal_classification_id, slug, name, classification_group, habitat, health_notes, source_url, updated_at) OVERRIDING SYSTEM VALUE VALUES (3, 'stachybotrys', 'Stachybotrys', 'predominantly_indoor_water_related', 'Wet cellulose — saturated drywall, ceiling tiles.', 'Often described as the ''black mould''. Indoor presence indicates active wetting.', NULL, '2026-01-15T00:00:00Z');
INSERT INTO fungal_classifications (fungal_classification_id, slug, name, classification_group, habitat, health_notes, source_url, updated_at) OVERRIDING SYSTEM VALUE VALUES (4, 'aspergillus-penicillium', 'Aspergillus / Penicillium', 'indoor_outdoor', 'Both indoor and outdoor; common indoor amplifier in damp homes.', 'Allergenic; some species mycotoxic. Elevated indoor counts vs outdoor warrant action.', NULL, '2026-01-15T00:00:00Z');
INSERT INTO fungal_classifications (fungal_classification_id, slug, name, classification_group, habitat, health_notes, source_url, updated_at) OVERRIDING SYSTEM VALUE VALUES (5, 'cladosporium', 'Cladosporium', 'indoor_outdoor', 'Indoor and outdoor; very common allergen.', 'Allergenic — elevated indoor levels can drive respiratory symptoms.', NULL, '2026-01-15T00:00:00Z');
INSERT INTO fungal_classifications (fungal_classification_id, slug, name, classification_group, habitat, health_notes, source_url, updated_at) OVERRIDING SYSTEM VALUE VALUES (6, 'alternaria', 'Alternaria', 'predominantly_outdoor', 'Outdoor, on leaves and soil.', 'Common asthma trigger; elevated indoor counts unusual.', NULL, '2026-01-15T00:00:00Z');
INSERT INTO fungal_classifications (fungal_classification_id, slug, name, classification_group, habitat, health_notes, source_url, updated_at) OVERRIDING SYSTEM VALUE VALUES (7, 'bipolaris', 'Bipolaris / Drechslera', 'predominantly_outdoor', 'Outdoor, grass and grain pathogens.', 'Outdoor baseline.', NULL, '2026-01-15T00:00:00Z');
INSERT INTO fungal_classifications (fungal_classification_id, slug, name, classification_group, habitat, health_notes, source_url, updated_at) OVERRIDING SYSTEM VALUE VALUES (8, 'chaetomium', 'Chaetomium', 'predominantly_indoor_water_related', 'Cellulose substrates — wet plasterboard, books.', 'Indoor presence indicates a chronic moisture source.', NULL, '2026-01-15T00:00:00Z');
INSERT INTO fungal_classifications (fungal_classification_id, slug, name, classification_group, habitat, health_notes, source_url, updated_at) OVERRIDING SYSTEM VALUE VALUES (9, 'curvularia', 'Curvularia', 'predominantly_outdoor', 'Outdoor, tropical grasses.', 'Outdoor baseline.', NULL, '2026-01-15T00:00:00Z');
INSERT INTO fungal_classifications (fungal_classification_id, slug, name, classification_group, habitat, health_notes, source_url, updated_at) OVERRIDING SYSTEM VALUE VALUES (10, 'epicoccum', 'Epicoccum', 'predominantly_outdoor', 'Outdoor, plant pathogen + decay.', 'Outdoor baseline.', NULL, '2026-01-15T00:00:00Z');
INSERT INTO fungal_classifications (fungal_classification_id, slug, name, classification_group, habitat, health_notes, source_url, updated_at) OVERRIDING SYSTEM VALUE VALUES (11, 'fusarium', 'Fusarium', 'predominantly_indoor_water_related', 'Wet substrates — sub-floor, leaking drains.', 'Some species produce mycotoxins; indoor presence warrants source investigation.', NULL, '2026-01-15T00:00:00Z');
INSERT INTO fungal_classifications (fungal_classification_id, slug, name, classification_group, habitat, health_notes, source_url, updated_at) OVERRIDING SYSTEM VALUE VALUES (12, 'mucor-rhizopus', 'Mucor / Rhizopus', 'indoor_outdoor', 'Soil + decaying produce; opportunistic indoor.', 'Allergenic; elevated indoor counts indicate active substrate.', NULL, '2026-01-15T00:00:00Z');
INSERT INTO fungal_classifications (fungal_classification_id, slug, name, classification_group, habitat, health_notes, source_url, updated_at) OVERRIDING SYSTEM VALUE VALUES (13, 'nigrospora', 'Nigrospora', 'predominantly_outdoor', 'Outdoor, on dead plant matter.', 'Outdoor baseline.', NULL, '2026-01-15T00:00:00Z');
INSERT INTO fungal_classifications (fungal_classification_id, slug, name, classification_group, habitat, health_notes, source_url, updated_at) OVERRIDING SYSTEM VALUE VALUES (14, 'pithomyces', 'Pithomyces', 'predominantly_outdoor', 'Outdoor, pasture grass.', 'Outdoor baseline.', NULL, '2026-01-15T00:00:00Z');
INSERT INTO fungal_classifications (fungal_classification_id, slug, name, classification_group, habitat, health_notes, source_url, updated_at) OVERRIDING SYSTEM VALUE VALUES (15, 'rust-uredinales', 'Rust (Uredinales)', 'predominantly_outdoor', 'Outdoor, obligate plant parasite.', 'Outdoor baseline.', NULL, '2026-01-15T00:00:00Z');
INSERT INTO fungal_classifications (fungal_classification_id, slug, name, classification_group, habitat, health_notes, source_url, updated_at) OVERRIDING SYSTEM VALUE VALUES (16, 'smut-periconia', 'Smut / Periconia', 'predominantly_outdoor', 'Outdoor, grass pathogens.', 'Outdoor baseline.', NULL, '2026-01-15T00:00:00Z');
INSERT INTO fungal_classifications (fungal_classification_id, slug, name, classification_group, habitat, health_notes, source_url, updated_at) OVERRIDING SYSTEM VALUE VALUES (17, 'torula', 'Torula', 'indoor_outdoor', 'Outdoor + indoor; weak amplifier.', 'Mild allergen; rarely the lead species.', NULL, '2026-01-15T00:00:00Z');
INSERT INTO fungal_classifications (fungal_classification_id, slug, name, classification_group, habitat, health_notes, source_url, updated_at) OVERRIDING SYSTEM VALUE VALUES (18, 'trichoderma', 'Trichoderma', 'predominantly_indoor_water_related', 'Wet cellulose + soil; common after flood events.', 'Indoor presence suggests a wetting event in the last 6–12 months.', NULL, '2026-01-15T00:00:00Z');
INSERT INTO fungal_classifications (fungal_classification_id, slug, name, classification_group, habitat, health_notes, source_url, updated_at) OVERRIDING SYSTEM VALUE VALUES (19, 'ulocladium', 'Ulocladium', 'predominantly_indoor_water_related', 'Wet substrates — saturated drywall, carpet.', 'Indoor amplifier; often co-located with Stachybotrys.', NULL, '2026-01-15T00:00:00Z');
INSERT INTO fungal_classifications (fungal_classification_id, slug, name, classification_group, habitat, health_notes, source_url, updated_at) OVERRIDING SYSTEM VALUE VALUES (20, 'myxomycetes', 'Myxomycetes', 'predominantly_outdoor', 'Outdoor, rotting wood.', 'Outdoor baseline.', NULL, '2026-01-15T00:00:00Z');

-- particulate_types (10 rows)
INSERT INTO particulate_types (particulate_type_id, slug, name, kind, display_order, created_at) OVERRIDING SYSTEM VALUE VALUES (1, 'hypha', 'Hypha', 'category', 0, '2026-01-15T00:00:00Z');
INSERT INTO particulate_types (particulate_type_id, slug, name, kind, display_order, created_at) OVERRIDING SYSTEM VALUE VALUES (2, 'pollen', 'Pollen', 'category', 1, '2026-01-15T00:00:00Z');
INSERT INTO particulate_types (particulate_type_id, slug, name, kind, display_order, created_at) OVERRIDING SYSTEM VALUE VALUES (3, 'skin-fragment-human', 'Skin Fragment Human', 'category', 2, '2026-01-15T00:00:00Z');
INSERT INTO particulate_types (particulate_type_id, slug, name, kind, display_order, created_at) OVERRIDING SYSTEM VALUE VALUES (4, 'skin-fragment-animal', 'Skin Fragment Animal', 'category', 3, '2026-01-15T00:00:00Z');
INSERT INTO particulate_types (particulate_type_id, slug, name, kind, display_order, created_at) OVERRIDING SYSTEM VALUE VALUES (5, 'carbon-dust', 'Carbon Dust', 'category', 4, '2026-01-15T00:00:00Z');
INSERT INTO particulate_types (particulate_type_id, slug, name, kind, display_order, created_at) OVERRIDING SYSTEM VALUE VALUES (6, 'soil', 'Soil', 'category', 5, '2026-01-15T00:00:00Z');
INSERT INTO particulate_types (particulate_type_id, slug, name, kind, display_order, created_at) OVERRIDING SYSTEM VALUE VALUES (7, 'fiber', 'Fiber', 'category', 6, '2026-01-15T00:00:00Z');
INSERT INTO particulate_types (particulate_type_id, slug, name, kind, display_order, created_at) OVERRIDING SYSTEM VALUE VALUES (8, 'total-lt-2-5um', 'Total Particulate < 2.5 µm', 'size_total', 100, '2026-01-15T00:00:00Z');
INSERT INTO particulate_types (particulate_type_id, slug, name, kind, display_order, created_at) OVERRIDING SYSTEM VALUE VALUES (9, 'total-2-5-10um', 'Total Particulate 2.5 – 10 µm', 'size_total', 101, '2026-01-15T00:00:00Z');
INSERT INTO particulate_types (particulate_type_id, slug, name, kind, display_order, created_at) OVERRIDING SYSTEM VALUE VALUES (10, 'total-gt-10um', 'Total Particulate > 10 µm', 'size_total', 102, '2026-01-15T00:00:00Z');

-- equipment_types (6 rows)
INSERT INTO equipment_types (equipment_type_id, slug, name, manufacturer, category, image_storage_path, notes, active, created_at, updated_at) OVERRIDING SYSTEM VALUE VALUES (1, 'wagner-orion-940', 'Wagner Orion 940', 'Wagner Meters', 'moisture_meter', NULL, 'Pinless dual-depth scanner. Default for non-invasive surface sweeps.', TRUE, '2026-01-10T00:00:00Z', '2026-01-10T00:00:00Z');
INSERT INTO equipment_types (equipment_type_id, slug, name, manufacturer, category, image_storage_path, notes, active, created_at, updated_at) OVERRIDING SYSTEM VALUE VALUES (2, 'protimeter-surveymaster', 'Protimeter Surveymaster', 'Protimeter', 'moisture_meter', NULL, 'Pin + pinless dual-mode meter. Confirmatory readings.', TRUE, '2026-01-10T00:00:00Z', '2026-01-10T00:00:00Z');
INSERT INTO equipment_types (equipment_type_id, slug, name, manufacturer, category, image_storage_path, notes, active, created_at, updated_at) OVERRIDING SYSTEM VALUE VALUES (3, 'flir-c5', 'FLIR C5', 'FLIR', 'thermal_camera', NULL, 'Pocket thermal imager 160×120. Field workhorse.', TRUE, '2026-01-10T00:00:00Z', '2026-01-10T00:00:00Z');
INSERT INTO equipment_types (equipment_type_id, slug, name, manufacturer, category, image_storage_path, notes, active, created_at, updated_at) OVERRIDING SYSTEM VALUE VALUES (4, 'flir-e96', 'FLIR E96', 'FLIR', 'thermal_camera', NULL, 'High-resolution 640×480 with macro for cavity-level detail.', TRUE, '2026-01-10T00:00:00Z', '2026-01-10T00:00:00Z');
INSERT INTO equipment_types (equipment_type_id, slug, name, manufacturer, category, image_storage_path, notes, active, created_at, updated_at) OVERRIDING SYSTEM VALUE VALUES (5, 'cassette-air-sampler', 'Cassette air sampler', NULL, 'air_sampler', NULL, 'Calibrated cassette pump for the lab partner''s slide format; pulls 75 L/min.', TRUE, '2026-01-10T00:00:00Z', '2026-01-10T00:00:00Z');
INSERT INTO equipment_types (equipment_type_id, slug, name, manufacturer, category, image_storage_path, notes, active, created_at, updated_at) OVERRIDING SYSTEM VALUE VALUES (6, 'testo-605i', 'Testo 605i', 'Testo', 'hygrometer', NULL, 'Bluetooth RH + temp probe.', TRUE, '2026-01-10T00:00:00Z', '2026-01-10T00:00:00Z');

-- technicians (4 rows)
INSERT INTO technicians (technician_id, clerk_user_id, email, name, phone, role, qualifications, active, created_at, updated_at) OVERRIDING SYSTEM VALUE VALUES (1, NULL, 'j.rivera@sporetrust.com.au', 'J. Rivera', '+61 411 800 110', 'field', 'IICRC ASD', TRUE, '2026-01-08T01:00:00Z', '2026-01-08T01:00:00Z');
INSERT INTO technicians (technician_id, clerk_user_id, email, name, phone, role, qualifications, active, created_at, updated_at) OVERRIDING SYSTEM VALUE VALUES (2, NULL, 'm.saito@sporetrust.com.au', 'M. Saito', '+61 411 800 220', 'field', 'IICRC WRT · AMRT (in progress)', TRUE, '2026-01-08T01:00:00Z', '2026-01-08T01:00:00Z');
INSERT INTO technicians (technician_id, clerk_user_id, email, name, phone, role, qualifications, active, created_at, updated_at) OVERRIDING SYSTEM VALUE VALUES (3, NULL, 's.patel@sporetrust.com.au', 'S. Patel', '+61 411 800 330', 'qualified', 'IICRC AMRT · S520 · NATA accredited reviewer', TRUE, '2026-01-08T01:00:00Z', '2026-01-08T01:00:00Z');
INSERT INTO technicians (technician_id, clerk_user_id, email, name, phone, role, qualifications, active, created_at, updated_at) OVERRIDING SYSTEM VALUE VALUES (4, NULL, 'ops@sporetrust.com.au', 'Operations', NULL, 'admin', NULL, TRUE, '2026-01-08T01:00:00Z', '2026-01-08T01:00:00Z');

-- technician_equipment (8 rows)
INSERT INTO technician_equipment (technician_equipment_id, technician_id, equipment_type_id, asset_tag, serial, acquired_at, active, notes, created_at, updated_at) OVERRIDING SYSTEM VALUE VALUES (1, 1, 1, 'SR-MOIST-001', 'WAG-940-22-118', '2026-01-15', TRUE, NULL, '2026-01-15T00:00:00Z', '2026-01-15T00:00:00Z');
INSERT INTO technician_equipment (technician_equipment_id, technician_id, equipment_type_id, asset_tag, serial, acquired_at, active, notes, created_at, updated_at) OVERRIDING SYSTEM VALUE VALUES (2, 1, 3, 'SR-THERM-001', 'FLIR-C5-2104', '2026-01-15', TRUE, NULL, '2026-01-15T00:00:00Z', '2026-01-15T00:00:00Z');
INSERT INTO technician_equipment (technician_equipment_id, technician_id, equipment_type_id, asset_tag, serial, acquired_at, active, notes, created_at, updated_at) OVERRIDING SYSTEM VALUE VALUES (3, 1, 5, 'SR-AIR-001', 'SC-PUMP-0091', '2026-01-15', TRUE, NULL, '2026-01-15T00:00:00Z', '2026-01-15T00:00:00Z');
INSERT INTO technician_equipment (technician_equipment_id, technician_id, equipment_type_id, asset_tag, serial, acquired_at, active, notes, created_at, updated_at) OVERRIDING SYSTEM VALUE VALUES (4, 1, 6, 'SR-HYG-001', 'T605-04881', '2026-01-15', TRUE, NULL, '2026-01-15T00:00:00Z', '2026-01-15T00:00:00Z');
INSERT INTO technician_equipment (technician_equipment_id, technician_id, equipment_type_id, asset_tag, serial, acquired_at, active, notes, created_at, updated_at) OVERRIDING SYSTEM VALUE VALUES (5, 2, 2, 'SR-MOIST-002', 'PRO-MMS-22-44', '2026-01-20', TRUE, NULL, '2026-01-20T00:00:00Z', '2026-01-20T00:00:00Z');
INSERT INTO technician_equipment (technician_equipment_id, technician_id, equipment_type_id, asset_tag, serial, acquired_at, active, notes, created_at, updated_at) OVERRIDING SYSTEM VALUE VALUES (6, 2, 3, 'SR-THERM-002', 'FLIR-C5-2107', '2026-01-20', TRUE, NULL, '2026-01-20T00:00:00Z', '2026-01-20T00:00:00Z');
INSERT INTO technician_equipment (technician_equipment_id, technician_id, equipment_type_id, asset_tag, serial, acquired_at, active, notes, created_at, updated_at) OVERRIDING SYSTEM VALUE VALUES (7, 2, 5, 'SR-AIR-002', 'SC-PUMP-0093', '2026-01-20', TRUE, NULL, '2026-01-20T00:00:00Z', '2026-01-20T00:00:00Z');
INSERT INTO technician_equipment (technician_equipment_id, technician_id, equipment_type_id, asset_tag, serial, acquired_at, active, notes, created_at, updated_at) OVERRIDING SYSTEM VALUE VALUES (8, 3, 4, 'SR-THERM-003', 'FLIR-E96-0014', '2026-01-12', TRUE, 'Reserved for qualified-tech follow-ups.', '2026-01-12T00:00:00Z', '2026-01-12T00:00:00Z');

-- customers (3 rows)
INSERT INTO customers (customer_id, clerk_user_id, stripe_customer_id, email, name, phone, customer_type, created_at, updated_at) OVERRIDING SYSTEM VALUE VALUES (1, 'user_2ZsLCAfk1...', 'cus_PqXY7r9...', 'lila.tan@example.com', 'Lila Tan', '+61 411 222 333', 'individual', '2026-04-12T01:14:00Z', '2026-04-12T01:14:00Z');
INSERT INTO customers (customer_id, clerk_user_id, stripe_customer_id, email, name, phone, customer_type, created_at, updated_at) OVERRIDING SYSTEM VALUE VALUES (2, NULL, NULL, 'rentals@bayside-pm.com.au', 'Bayside Property Management', '+61 7 3201 4400', 'property_manager', '2026-04-18T22:03:00Z', '2026-04-18T22:03:00Z');
INSERT INTO customers (customer_id, clerk_user_id, stripe_customer_id, email, name, phone, customer_type, created_at, updated_at) OVERRIDING SYSTEM VALUE VALUES (3, 'user_2ZsLDB...', 'cus_PqYabc...', 'owen.hughes@example.com', 'Owen Hughes', '+61 422 555 887', 'individual', '2026-05-02T05:42:00Z', '2026-05-02T05:42:00Z');

-- properties (3 rows)
INSERT INTO properties (property_id, address_line, postcode, state, google_place_id, lat, lng, created_at) OVERRIDING SYSTEM VALUE VALUES (1, '12 Banksia Street, Toowong', '4066', 'QLD', 'ChIJ0001…', -27.4844, 152.9921, '2026-04-12T01:14:00Z');
INSERT INTO properties (property_id, address_line, postcode, state, google_place_id, lat, lng, created_at) OVERRIDING SYSTEM VALUE VALUES (2, '8/241 Wynnum Road, Norman Park', '4170', 'QLD', 'ChIJ0002…', -27.4769, 153.0658, '2026-04-18T22:03:00Z');
INSERT INTO properties (property_id, address_line, postcode, state, google_place_id, lat, lng, created_at) OVERRIDING SYSTEM VALUE VALUES (3, '44 Lytton Road, East Brisbane', '4169', 'QLD', NULL, -27.4805, 153.0387, '2026-05-02T05:42:00Z');

-- inspections (3 rows)
INSERT INTO inspections (inspection_id, customer_id, property_id, cal_booking_id, stripe_payment_intent_id, amount_paid, scheduled_at, duration_minutes, status, inspection_type, technician_id, started_at, completed_at, signed_off_by_technician_id, signed_off_at, kit_confirmed_at, report_slug, report_status, report_severity, report_title, report_summary, report_published_at, created_at, updated_at) OVERRIDING SYSTEM VALUE VALUES (1, 1, 1, 'cal_evt_abc123', 'pi_3PqL...', 595, '2026-04-20T23:00:00Z', 90, 'completed', 'standard', 1, '2026-04-20T23:05:00Z', '2026-04-21T00:32:00Z', 3, '2026-04-22T04:50:00Z', '2026-04-20T23:04:00Z', 'rpt_abc12345xyzfgh67', 'published', 'moderate', 'Localised condensation in Bedroom 1', 'One moderate finding in Bedroom 1: surface condensation behind the SE wall cavity, driven by a cold bridge at the brickwork and weak sub-floor ventilation. Cleanup is straightforward once the underlying source is interrupted.', '2026-04-22T05:01:00Z', '2026-04-12T01:14:00Z', '2026-04-22T05:01:00Z');
INSERT INTO inspections (inspection_id, customer_id, property_id, cal_booking_id, stripe_payment_intent_id, amount_paid, scheduled_at, duration_minutes, status, inspection_type, technician_id, started_at, completed_at, signed_off_by_technician_id, signed_off_at, kit_confirmed_at, report_slug, report_status, report_severity, report_title, report_summary, report_published_at, created_at, updated_at) OVERRIDING SYSTEM VALUE VALUES (2, 2, 2, 'cal_evt_def456', 'pi_3PrM...', 595, '2026-05-08T03:30:00Z', 90, 'scheduled', 'lab_backed', NULL, NULL, NULL, NULL, NULL, NULL, NULL, 'draft', NULL, NULL, NULL, NULL, '2026-04-18T22:03:00Z', '2026-04-18T22:03:00Z');
INSERT INTO inspections (inspection_id, customer_id, property_id, cal_booking_id, stripe_payment_intent_id, amount_paid, scheduled_at, duration_minutes, status, inspection_type, technician_id, started_at, completed_at, signed_off_by_technician_id, signed_off_at, kit_confirmed_at, report_slug, report_status, report_severity, report_title, report_summary, report_published_at, created_at, updated_at) OVERRIDING SYSTEM VALUE VALUES (3, 3, 3, 'cal_evt_ghi789', 'pi_3PsN...', 595, '2026-05-13T22:30:00Z', 90, 'in_progress', 'standard', 2, '2026-05-13T22:34:00Z', NULL, NULL, NULL, NULL, NULL, 'draft', NULL, NULL, NULL, NULL, '2026-05-02T05:42:00Z', '2026-05-13T22:34:00Z');

-- inspection_equipment (4 rows)
INSERT INTO inspection_equipment (inspection_id, technician_equipment_id, added_at) VALUES (1, 1, '2026-04-20T23:00:00Z');
INSERT INTO inspection_equipment (inspection_id, technician_equipment_id, added_at) VALUES (1, 2, '2026-04-20T23:00:00Z');
INSERT INTO inspection_equipment (inspection_id, technician_equipment_id, added_at) VALUES (1, 3, '2026-04-20T23:00:00Z');
INSERT INTO inspection_equipment (inspection_id, technician_equipment_id, added_at) VALUES (1, 4, '2026-04-20T23:00:00Z');

-- sample_locations (4 rows)
INSERT INTO sample_locations (sample_location_id, inspection_id, name, is_outdoor_control, mould_pressure_tier, thermal_delta_c, display_order, sampled_at, created_at, updated_at) OVERRIDING SYSTEM VALUE VALUES (1, 1, 'Bedroom 1', FALSE, 'moderate', -6.3, 0, '2026-04-20T23:18:00Z', '2026-04-20T23:18:00Z', '2026-04-20T23:18:00Z');
INSERT INTO sample_locations (sample_location_id, inspection_id, name, is_outdoor_control, mould_pressure_tier, thermal_delta_c, display_order, sampled_at, created_at, updated_at) OVERRIDING SYSTEM VALUE VALUES (2, 1, 'Master ensuite', FALSE, 'low', -1.2, 1, '2026-04-20T23:42:00Z', '2026-04-20T23:42:00Z', '2026-04-20T23:42:00Z');
INSERT INTO sample_locations (sample_location_id, inspection_id, name, is_outdoor_control, mould_pressure_tier, thermal_delta_c, display_order, sampled_at, created_at, updated_at) OVERRIDING SYSTEM VALUE VALUES (3, 1, 'Outdoor control', TRUE, 'normal', 0, 99, '2026-04-21T00:05:00Z', '2026-04-21T00:05:00Z', '2026-04-21T00:05:00Z');
INSERT INTO sample_locations (sample_location_id, inspection_id, name, is_outdoor_control, mould_pressure_tier, thermal_delta_c, display_order, sampled_at, created_at, updated_at) OVERRIDING SYSTEM VALUE VALUES (4, 3, 'Laundry', FALSE, 'high', -8.1, 0, '2026-05-13T22:55:00Z', '2026-05-13T22:55:00Z', '2026-05-13T22:55:00Z');

-- image_captures (4 rows)
INSERT INTO image_captures (image_capture_id, sample_location_id, capture_kind, pair_group, storage_path, caption, captured_at) OVERRIDING SYSTEM VALUE VALUES (1, 1, 'visible', 1, '1/bedroom-visible.jpg', 'SE corner from doorway', '2026-04-20T23:20:00Z');
INSERT INTO image_captures (image_capture_id, sample_location_id, capture_kind, pair_group, storage_path, caption, captured_at) OVERRIDING SYSTEM VALUE VALUES (2, 1, 'thermal', 1, '1/bedroom-thermal.jpg', 'SE corner — cold patch visible', '2026-04-20T23:20:00Z');
INSERT INTO image_captures (image_capture_id, sample_location_id, capture_kind, pair_group, storage_path, caption, captured_at) OVERRIDING SYSTEM VALUE VALUES (3, 4, 'visible', 1, '3/laundry-visible.jpg', NULL, '2026-05-13T22:57:00Z');
INSERT INTO image_captures (image_capture_id, sample_location_id, capture_kind, pair_group, storage_path, caption, captured_at) OVERRIDING SYSTEM VALUE VALUES (4, 4, 'thermal', 1, '3/laundry-thermal.jpg', NULL, '2026-05-13T22:57:00Z');

-- moisture_readings (4 rows)
INSERT INTO moisture_readings (moisture_reading_id, sample_location_id, surface_label, reading_value, reading_unit, level, image_capture_id, marker_x_pct, marker_y_pct, instrument_model, depth_mm, measured_at) OVERRIDING SYSTEM VALUE VALUES (1, 1, 'Wall — SE corner', 17.8, '%MC', 'severe', 1, 72, 44, 'Wagner Orion 940', 25, '2026-04-20T23:25:00Z');
INSERT INTO moisture_readings (moisture_reading_id, sample_location_id, surface_label, reading_value, reading_unit, level, image_capture_id, marker_x_pct, marker_y_pct, instrument_model, depth_mm, measured_at) OVERRIDING SYSTEM VALUE VALUES (2, 1, 'Skirting — SE', 15.4, '%MC', 'moderate', 1, 78, 82, 'Wagner Orion 940', 25, '2026-04-20T23:26:00Z');
INSERT INTO moisture_readings (moisture_reading_id, sample_location_id, surface_label, reading_value, reading_unit, level, image_capture_id, marker_x_pct, marker_y_pct, instrument_model, depth_mm, measured_at) OVERRIDING SYSTEM VALUE VALUES (3, 1, 'Ceiling — centre', 9.2, '%MC', 'normal', 1, 50, 14, 'Wagner Orion 940', 25, '2026-04-20T23:27:00Z');
INSERT INTO moisture_readings (moisture_reading_id, sample_location_id, surface_label, reading_value, reading_unit, level, image_capture_id, marker_x_pct, marker_y_pct, instrument_model, depth_mm, measured_at) OVERRIDING SYSTEM VALUE VALUES (4, 4, 'Wall behind dryer', 24.1, '%MC', 'severe', NULL, NULL, NULL, 'Wagner Orion 940', 25, '2026-05-13T22:58:00Z');

-- location_findings (2 rows)
INSERT INTO location_findings (finding_id, sample_location_id, observation, display_order, recorded_at, created_at, updated_at) OVERRIDING SYSTEM VALUE VALUES (1, 1, 'Localised moisture concentration at SE wall corner, ~1.2m above floor. Thermal shows a −6.3 °C cold patch; pinless moisture confirms 15.4 – 17.8 % in substrate without visible staining.', 0, '2026-04-21T00:10:00Z', '2026-04-21T00:10:00Z', '2026-04-21T00:10:00Z');
INSERT INTO location_findings (finding_id, sample_location_id, observation, display_order, recorded_at, created_at, updated_at) OVERRIDING SYSTEM VALUE VALUES (2, 4, 'High moisture behind the dryer wall — wall plate damp to >24% MC. Likely waste-water leak.', 0, '2026-05-13T23:05:00Z', '2026-05-13T23:05:00Z', '2026-05-13T23:05:00Z');

-- location_sources (3 rows)
INSERT INTO location_sources (source_id, sample_location_id, rank, source_category, description, display_order, created_at) OVERRIDING SYSTEM VALUE VALUES (1, 1, 'primary', 'condensation', 'Cold-bridge condensation behind cavity at SE corner — single-glazed sliding-door reveal + insufficient sub-floor ventilation.', 0, '2026-04-21T00:11:00Z');
INSERT INTO location_sources (source_id, sample_location_id, rank, source_category, description, display_order, created_at) OVERRIDING SYSTEM VALUE VALUES (2, 1, 'secondary', 'walls', 'Trace vapour-barrier damage at door sill — re-inspect during remediation.', 1, '2026-04-21T00:11:00Z');
INSERT INTO location_sources (source_id, sample_location_id, rank, source_category, description, display_order, created_at) OVERRIDING SYSTEM VALUE VALUES (3, 4, 'primary', 'plumbing', 'Suspected waste-water leak from washing-machine standpipe.', 0, '2026-05-13T23:06:00Z');

-- air_samples (2 rows)
INSERT INTO air_samples (air_sample_id, sample_location_id, lab_partner, lab_sample_id, sampled_at, received_by_lab_at, reported_by_lab_at, slide_trace_4x_outside_path, slide_trace_4x_inside_path, slide_30x_zoomed_path, total_spores_per_m3, dominant_fungal_classification_id, lab_pdf_storage_path, created_at, updated_at) OVERRIDING SYSTEM VALUE VALUES (1, 1, 'lab', 'LAB-2026-04-1187', '2026-04-21T00:30:00Z', '2026-04-22T01:00:00Z', '2026-04-24T03:00:00Z', '1/sample-trace-4x.png', '1/sample-trace-4x.png', '1/sample-30x.png', 487, 4, 'lab-pdfs/1/lab-rpt-2026-04-1187.pdf', '2026-04-22T01:00:00Z', '2026-04-24T03:00:00Z');
INSERT INTO air_samples (air_sample_id, sample_location_id, lab_partner, lab_sample_id, sampled_at, received_by_lab_at, reported_by_lab_at, slide_trace_4x_outside_path, slide_trace_4x_inside_path, slide_30x_zoomed_path, total_spores_per_m3, dominant_fungal_classification_id, lab_pdf_storage_path, created_at, updated_at) OVERRIDING SYSTEM VALUE VALUES (2, 3, 'lab', 'LAB-2026-04-1188', '2026-04-21T00:32:00Z', '2026-04-22T01:00:00Z', '2026-04-24T03:00:00Z', '1/sample-trace-4x.png', '1/sample-trace-4x.png', '1/sample-30x.png', 32, 2, 'lab-pdfs/1/lab-rpt-2026-04-1188.pdf', '2026-04-22T01:00:00Z', '2026-04-24T03:00:00Z');

-- air_sample_fungal_counts (26 rows)
INSERT INTO air_sample_fungal_counts (air_sample_fungal_count_id, air_sample_id, fungal_classification_id, spores_per_m3, level, created_at) OVERRIDING SYSTEM VALUE VALUES (1, 1, 4, 520, 'moderate', '2026-04-24T03:00:00Z');
INSERT INTO air_sample_fungal_counts (air_sample_fungal_count_id, air_sample_id, fungal_classification_id, spores_per_m3, level, created_at) OVERRIDING SYSTEM VALUE VALUES (2, 1, 5, 120, 'normal', '2026-04-24T03:00:00Z');
INSERT INTO air_sample_fungal_counts (air_sample_fungal_count_id, air_sample_id, fungal_classification_id, spores_per_m3, level, created_at) OVERRIDING SYSTEM VALUE VALUES (4, 1, 8, 18, 'moderate', '2026-04-24T03:00:00Z');
INSERT INTO air_sample_fungal_counts (air_sample_fungal_count_id, air_sample_id, fungal_classification_id, spores_per_m3, level, created_at) OVERRIDING SYSTEM VALUE VALUES (5, 1, 19, 24, 'moderate', '2026-04-24T03:00:00Z');
INSERT INTO air_sample_fungal_counts (air_sample_fungal_count_id, air_sample_id, fungal_classification_id, spores_per_m3, level, created_at) OVERRIDING SYSTEM VALUE VALUES (6, 1, 18, 16, 'normal', '2026-04-24T03:00:00Z');
INSERT INTO air_sample_fungal_counts (air_sample_fungal_count_id, air_sample_id, fungal_classification_id, spores_per_m3, level, created_at) OVERRIDING SYSTEM VALUE VALUES (7, 1, 11, 9, 'normal', '2026-04-24T03:00:00Z');
INSERT INTO air_sample_fungal_counts (air_sample_fungal_count_id, air_sample_id, fungal_classification_id, spores_per_m3, level, created_at) OVERRIDING SYSTEM VALUE VALUES (8, 1, 12, 28, 'normal', '2026-04-24T03:00:00Z');
INSERT INTO air_sample_fungal_counts (air_sample_fungal_count_id, air_sample_id, fungal_classification_id, spores_per_m3, level, created_at) OVERRIDING SYSTEM VALUE VALUES (9, 1, 6, 22, 'normal', '2026-04-24T03:00:00Z');
INSERT INTO air_sample_fungal_counts (air_sample_fungal_count_id, air_sample_id, fungal_classification_id, spores_per_m3, level, created_at) OVERRIDING SYSTEM VALUE VALUES (10, 1, 7, 6, 'normal', '2026-04-24T03:00:00Z');
INSERT INTO air_sample_fungal_counts (air_sample_fungal_count_id, air_sample_id, fungal_classification_id, spores_per_m3, level, created_at) OVERRIDING SYSTEM VALUE VALUES (11, 1, 10, 11, 'normal', '2026-04-24T03:00:00Z');
INSERT INTO air_sample_fungal_counts (air_sample_fungal_count_id, air_sample_id, fungal_classification_id, spores_per_m3, level, created_at) OVERRIDING SYSTEM VALUE VALUES (12, 1, 9, 4, 'normal', '2026-04-24T03:00:00Z');
INSERT INTO air_sample_fungal_counts (air_sample_fungal_count_id, air_sample_id, fungal_classification_id, spores_per_m3, level, created_at) OVERRIDING SYSTEM VALUE VALUES (13, 1, 13, 3, 'normal', '2026-04-24T03:00:00Z');
INSERT INTO air_sample_fungal_counts (air_sample_fungal_count_id, air_sample_id, fungal_classification_id, spores_per_m3, level, created_at) OVERRIDING SYSTEM VALUE VALUES (14, 1, 14, 5, 'normal', '2026-04-24T03:00:00Z');
INSERT INTO air_sample_fungal_counts (air_sample_fungal_count_id, air_sample_id, fungal_classification_id, spores_per_m3, level, created_at) OVERRIDING SYSTEM VALUE VALUES (15, 1, 15, 2, 'normal', '2026-04-24T03:00:00Z');
INSERT INTO air_sample_fungal_counts (air_sample_fungal_count_id, air_sample_id, fungal_classification_id, spores_per_m3, level, created_at) OVERRIDING SYSTEM VALUE VALUES (16, 1, 16, 7, 'normal', '2026-04-24T03:00:00Z');
INSERT INTO air_sample_fungal_counts (air_sample_fungal_count_id, air_sample_id, fungal_classification_id, spores_per_m3, level, created_at) OVERRIDING SYSTEM VALUE VALUES (17, 1, 1, 64, 'normal', '2026-04-24T03:00:00Z');
INSERT INTO air_sample_fungal_counts (air_sample_fungal_count_id, air_sample_id, fungal_classification_id, spores_per_m3, level, created_at) OVERRIDING SYSTEM VALUE VALUES (18, 1, 2, 95, 'normal', '2026-04-24T03:00:00Z');
INSERT INTO air_sample_fungal_counts (air_sample_fungal_count_id, air_sample_id, fungal_classification_id, spores_per_m3, level, created_at) OVERRIDING SYSTEM VALUE VALUES (19, 1, 17, 12, 'normal', '2026-04-24T03:00:00Z');
INSERT INTO air_sample_fungal_counts (air_sample_fungal_count_id, air_sample_id, fungal_classification_id, spores_per_m3, level, created_at) OVERRIDING SYSTEM VALUE VALUES (20, 1, 20, 3, 'normal', '2026-04-24T03:00:00Z');
INSERT INTO air_sample_fungal_counts (air_sample_fungal_count_id, air_sample_id, fungal_classification_id, spores_per_m3, level, created_at) OVERRIDING SYSTEM VALUE VALUES (3, 2, 2, 13, 'normal', '2026-04-24T03:00:00Z');
INSERT INTO air_sample_fungal_counts (air_sample_fungal_count_id, air_sample_id, fungal_classification_id, spores_per_m3, level, created_at) OVERRIDING SYSTEM VALUE VALUES (21, 2, 1, 8, 'normal', '2026-04-24T03:00:00Z');
INSERT INTO air_sample_fungal_counts (air_sample_fungal_count_id, air_sample_id, fungal_classification_id, spores_per_m3, level, created_at) OVERRIDING SYSTEM VALUE VALUES (22, 2, 5, 4, 'normal', '2026-04-24T03:00:00Z');
INSERT INTO air_sample_fungal_counts (air_sample_fungal_count_id, air_sample_id, fungal_classification_id, spores_per_m3, level, created_at) OVERRIDING SYSTEM VALUE VALUES (23, 2, 6, 3, 'normal', '2026-04-24T03:00:00Z');
INSERT INTO air_sample_fungal_counts (air_sample_fungal_count_id, air_sample_id, fungal_classification_id, spores_per_m3, level, created_at) OVERRIDING SYSTEM VALUE VALUES (24, 2, 10, 2, 'normal', '2026-04-24T03:00:00Z');
INSERT INTO air_sample_fungal_counts (air_sample_fungal_count_id, air_sample_id, fungal_classification_id, spores_per_m3, level, created_at) OVERRIDING SYSTEM VALUE VALUES (25, 2, 13, 1, 'normal', '2026-04-24T03:00:00Z');
INSERT INTO air_sample_fungal_counts (air_sample_fungal_count_id, air_sample_id, fungal_classification_id, spores_per_m3, level, created_at) OVERRIDING SYSTEM VALUE VALUES (26, 2, 14, 1, 'normal', '2026-04-24T03:00:00Z');

-- air_sample_particulate_counts (2 rows)
INSERT INTO air_sample_particulate_counts (air_sample_particulate_count_id, air_sample_id, particulate_type_id, particles_per_m3, created_at) OVERRIDING SYSTEM VALUE VALUES (1, 1, 3, 413, '2026-04-24T03:00:00Z');
INSERT INTO air_sample_particulate_counts (air_sample_particulate_count_id, air_sample_id, particulate_type_id, particles_per_m3, created_at) OVERRIDING SYSTEM VALUE VALUES (2, 1, 8, 70876, '2026-04-24T03:00:00Z');

-- air_sample_notable_objects (3 rows)
INSERT INTO air_sample_notable_objects (notable_object_id, air_sample_id, fungal_classification_id, particulate_type_id, label, image_storage_path, display_order, created_at) OVERRIDING SYSTEM VALUE VALUES (1, 1, 4, NULL, 'Aspergillus / Penicillium', 'notable/1/asp-pen-1.jpg', 0, '2026-04-24T03:00:00Z');
INSERT INTO air_sample_notable_objects (notable_object_id, air_sample_id, fungal_classification_id, particulate_type_id, label, image_storage_path, display_order, created_at) OVERRIDING SYSTEM VALUE VALUES (2, 1, 1, NULL, 'Ascospore', 'notable/1/ascospore-1.jpg', 1, '2026-04-24T03:00:00Z');
INSERT INTO air_sample_notable_objects (notable_object_id, air_sample_id, fungal_classification_id, particulate_type_id, label, image_storage_path, display_order, created_at) OVERRIDING SYSTEM VALUE VALUES (3, 1, NULL, 4, 'Skin Fragment Animal', 'notable/1/skin-animal-1.jpg', 2, '2026-04-24T03:00:00Z');

-- scope_items (3 rows)
INSERT INTO scope_items (scope_item_id, inspection_id, trade_category_id, scope_tier, cost_min, cost_max, detail, display_order, created_at, updated_at) OVERRIDING SYSTEM VALUE VALUES (1, 1, 1, 'minor', 400, 800, 'Decontamination and surface treatment at SE wall corner.', 0, '2026-04-22T05:01:00Z', '2026-04-22T05:01:00Z');
INSERT INTO scope_items (scope_item_id, inspection_id, trade_category_id, scope_tier, cost_min, cost_max, detail, display_order, created_at, updated_at) OVERRIDING SYSTEM VALUE VALUES (2, 1, 3, 'moderate', 900, 1800, 'Lift skirting at SE corner, vapour-barrier check, re-flash door sill.', 1, '2026-04-22T05:01:00Z', '2026-04-22T05:01:00Z');
INSERT INTO scope_items (scope_item_id, inspection_id, trade_category_id, scope_tier, cost_min, cost_max, detail, display_order, created_at, updated_at) OVERRIDING SYSTEM VALUE VALUES (3, 1, 4, 'moderate', 1100, 1500, 'Sub-floor ventilation upgrade + bathroom exhaust re-routing.', 2, '2026-04-22T05:01:00Z', '2026-04-22T05:01:00Z');

-- partner_organizations (3 rows)
INSERT INTO partner_organizations (partner_id, name, clerk_org_id, contact_email, contact_phone, credentials, service_areas, active, rating, reviews_count, created_at, updated_at) OVERRIDING SYSTEM VALUE VALUES (1, 'DryRight Mould Remediation', NULL, 'ops@dryright.com.au', '+61 7 3399 1100', 'IICRC S520-trained', ARRAY['4066','4067','4068','4170','4169']::TEXT[], TRUE, 4.9, 84, '2026-01-12T01:00:00Z', '2026-01-12T01:00:00Z');
INSERT INTO partner_organizations (partner_id, name, clerk_org_id, contact_email, contact_phone, credentials, service_areas, active, rating, reviews_count, created_at, updated_at) OVERRIDING SYSTEM VALUE VALUES (2, 'Bayside Building & Trades', NULL, 'office@baysidetrades.com.au', '+61 7 3893 7700', 'QBCC 1058219', ARRAY['4170','4169','4178','4179']::TEXT[], TRUE, 4.8, 142, '2026-02-04T01:00:00Z', '2026-02-04T01:00:00Z');
INSERT INTO partner_organizations (partner_id, name, clerk_org_id, contact_email, contact_phone, credentials, service_areas, active, rating, reviews_count, created_at, updated_at) OVERRIDING SYSTEM VALUE VALUES (3, 'BrisVent Sub-floor Co.', NULL, 'hello@brisvent.com.au', '+61 7 3290 1234', 'Licensed ventilation specialist', ARRAY['4066','4067','4068','4101','4102']::TEXT[], TRUE, 4.7, 38, '2026-03-09T01:00:00Z', '2026-03-09T01:00:00Z');

-- partner_skills (4 rows)
INSERT INTO partner_skills (partner_id, trade_category_id, created_at) VALUES (1, 1, '2026-01-12T01:00:00Z');
INSERT INTO partner_skills (partner_id, trade_category_id, created_at) VALUES (2, 3, '2026-02-04T01:00:00Z');
INSERT INTO partner_skills (partner_id, trade_category_id, created_at) VALUES (2, 2, '2026-02-04T01:00:00Z');
INSERT INTO partner_skills (partner_id, trade_category_id, created_at) VALUES (3, 4, '2026-03-09T01:00:00Z');

-- partner_handoffs (3 rows)
INSERT INTO partner_handoffs (handoff_id, inspection_id, partner_id, status, notes, introduced_at, created_at, updated_at) OVERRIDING SYSTEM VALUE VALUES (1, 1, 1, 'introduced', 'Customer asked to schedule containment first.', '2026-04-23T01:00:00Z', '2026-04-22T06:00:00Z', '2026-04-23T01:00:00Z');
INSERT INTO partner_handoffs (handoff_id, inspection_id, partner_id, status, notes, introduced_at, created_at, updated_at) OVERRIDING SYSTEM VALUE VALUES (2, 1, 2, 'matched', NULL, NULL, '2026-04-22T06:00:00Z', '2026-04-22T06:00:00Z');
INSERT INTO partner_handoffs (handoff_id, inspection_id, partner_id, status, notes, introduced_at, created_at, updated_at) OVERRIDING SYSTEM VALUE VALUES (3, 1, 3, 'matched', NULL, NULL, '2026-04-22T06:00:00Z', '2026-04-22T06:00:00Z');

-- subscriptions (2 rows)
INSERT INTO subscriptions (subscription_id, customer_id, property_id, stripe_subscription_id, plan, status, weekly_amount, current_period_end, started_at, cancelled_at, created_at, updated_at) OVERRIDING SYSTEM VALUE VALUES (1, 1, 1, 'sub_1PqL...', 'sentinel', 'active', 22.95, '2026-05-19T01:14:00Z', '2026-04-22T06:30:00Z', NULL, '2026-04-22T06:30:00Z', '2026-04-22T06:30:00Z');
INSERT INTO subscriptions (subscription_id, customer_id, property_id, stripe_subscription_id, plan, status, weekly_amount, current_period_end, started_at, cancelled_at, created_at, updated_at) OVERRIDING SYSTEM VALUE VALUES (2, 3, 3, NULL, 'sentinel', 'cancelled', 22.95, NULL, '2026-03-01T03:00:00Z', '2026-04-10T03:00:00Z', '2026-03-01T03:00:00Z', '2026-04-10T03:00:00Z');

-- Bump identity sequences past the inserted max so future inserts don't collide.
SELECT setval(pg_get_serial_sequence('customers', 'customer_id'), COALESCE((SELECT MAX(customer_id) FROM customers), 0) + 1, false);
SELECT setval(pg_get_serial_sequence('properties', 'property_id'), COALESCE((SELECT MAX(property_id) FROM properties), 0) + 1, false);
SELECT setval(pg_get_serial_sequence('inspections', 'inspection_id'), COALESCE((SELECT MAX(inspection_id) FROM inspections), 0) + 1, false);
SELECT setval(pg_get_serial_sequence('sample_locations', 'sample_location_id'), COALESCE((SELECT MAX(sample_location_id) FROM sample_locations), 0) + 1, false);
SELECT setval(pg_get_serial_sequence('image_captures', 'image_capture_id'), COALESCE((SELECT MAX(image_capture_id) FROM image_captures), 0) + 1, false);
SELECT setval(pg_get_serial_sequence('moisture_readings', 'moisture_reading_id'), COALESCE((SELECT MAX(moisture_reading_id) FROM moisture_readings), 0) + 1, false);
SELECT setval(pg_get_serial_sequence('location_findings', 'finding_id'), COALESCE((SELECT MAX(finding_id) FROM location_findings), 0) + 1, false);
SELECT setval(pg_get_serial_sequence('location_sources', 'source_id'), COALESCE((SELECT MAX(source_id) FROM location_sources), 0) + 1, false);
SELECT setval(pg_get_serial_sequence('air_samples', 'air_sample_id'), COALESCE((SELECT MAX(air_sample_id) FROM air_samples), 0) + 1, false);
SELECT setval(pg_get_serial_sequence('air_sample_fungal_counts', 'air_sample_fungal_count_id'), COALESCE((SELECT MAX(air_sample_fungal_count_id) FROM air_sample_fungal_counts), 0) + 1, false);
SELECT setval(pg_get_serial_sequence('air_sample_particulate_counts', 'air_sample_particulate_count_id'), COALESCE((SELECT MAX(air_sample_particulate_count_id) FROM air_sample_particulate_counts), 0) + 1, false);
SELECT setval(pg_get_serial_sequence('air_sample_notable_objects', 'notable_object_id'), COALESCE((SELECT MAX(notable_object_id) FROM air_sample_notable_objects), 0) + 1, false);
SELECT setval(pg_get_serial_sequence('scope_items', 'scope_item_id'), COALESCE((SELECT MAX(scope_item_id) FROM scope_items), 0) + 1, false);
SELECT setval(pg_get_serial_sequence('partner_organizations', 'partner_id'), COALESCE((SELECT MAX(partner_id) FROM partner_organizations), 0) + 1, false);
SELECT setval(pg_get_serial_sequence('partner_handoffs', 'handoff_id'), COALESCE((SELECT MAX(handoff_id) FROM partner_handoffs), 0) + 1, false);
SELECT setval(pg_get_serial_sequence('subscriptions', 'subscription_id'), COALESCE((SELECT MAX(subscription_id) FROM subscriptions), 0) + 1, false);
SELECT setval(pg_get_serial_sequence('trade_categories', 'trade_category_id'), COALESCE((SELECT MAX(trade_category_id) FROM trade_categories), 0) + 1, false);
SELECT setval(pg_get_serial_sequence('fungal_classifications', 'fungal_classification_id'), COALESCE((SELECT MAX(fungal_classification_id) FROM fungal_classifications), 0) + 1, false);
SELECT setval(pg_get_serial_sequence('particulate_types', 'particulate_type_id'), COALESCE((SELECT MAX(particulate_type_id) FROM particulate_types), 0) + 1, false);
SELECT setval(pg_get_serial_sequence('technicians', 'technician_id'), COALESCE((SELECT MAX(technician_id) FROM technicians), 0) + 1, false);
SELECT setval(pg_get_serial_sequence('equipment_types', 'equipment_type_id'), COALESCE((SELECT MAX(equipment_type_id) FROM equipment_types), 0) + 1, false);
SELECT setval(pg_get_serial_sequence('technician_equipment', 'technician_equipment_id'), COALESCE((SELECT MAX(technician_equipment_id) FROM technician_equipment), 0) + 1, false);

COMMIT;
